Art Rock,8+
Art Rock,8+
Avant-Garde Jazz,0-1
Abstract Hip Hop,0-1
Abstract Hip Hop,0-1
Abstract Hip Hop,0-1
Art Rock,0-1
Art Rock,0-1
Art Rock,0-1
Indie,2-3
Bass House,8+
Abstract Hip Hop,8+
Balls,8+
Balls,8+
Dark Ambient,2-3
Zouk,8+
Acoustic Blues,8+
Avant-Folk,4-5
Abstract Hip Hop,2-3
Abstract Hip Hop,2-3
Crust Punk,0-1
Abstract Hip Hop,2-3
Art Punk,2-3
Abstract Hip Hop,2-3
Acid Techno,2-3
Alternative Hip Hop,0-1
Abstract Hip Hop,8+
Glitch,2-3
Acoustic Blues,2-3
Classical,8+
Dancehall,8+
Dancehall,8+
Dancehall,8+
Dancehall,8+
Dancehall,8+
Dancehall,8+
Dancehall,8+
Dancehall,8+
Dancehall,8+
Dancehall,8+
Dancehall,8+
Dancehall,8+
Dancehall,8+
Dancehall,8+
Dancehall,8+
Dancehall,8+
Dancehall,8+
Dancehall,8+
Dancehall,8+
Abstract Hip Hop,2-3
Acoustic Pop,2-3
